"division","station_name","station_names","latitude","longitude","lines","comment"
광주,공항,{공항},35.144029227828455,126.81163578391195,{1호선},
광주,녹동,{녹동},35.12470349491909,126.76958468643564,{1호선},
광주,농성,"{농성,한국건강관리협회}",35.15326869851721,126.88377113751523,{1호선},
광주,도산,{도산},35.13171362448358,126.78798676858302,{1호선},
광주,상무,{상무},35.146557586715026,126.84863946307836,{1호선},
광주,소태,{소태},35.123128005818515,126.93247210463042,{1호선},
광주,쌍촌,{쌍촌},35.1516000378452,126.86937484472776,{1호선},
광주,운천,{운천},35.150470371315755,126.85869852067796,{1호선},
광주,평동,{평동},35.12470349491909,126.76958468643564,{1호선},
광주,화정,{화정},35.1519546419209,126.87660656569405,{1호선},
광주,학동·증심사입구,{학동·증심사입구},35.13269366039283,126.92841826050315,{1호선},
광주,남광주,{남광주},35.13928604679114,126.92297539566472,{1호선},
광주,돌고개,{돌고개},35.15160235343845,126.89492369547473,{1호선},
광주,문화전당,"{문화전당,구 도청}",35.14643193180097,126.92001942670964,{1호선},
광주,송정공원,{송정공원},35.14350475846104,126.79935765338341,{1호선},
광주,양동시장,{양동시장},35.15430277514032,126.90129118701682,{1호선},
광주,광주송정역,{광주송정역},35.137434472736764,126.79157097528963,{1호선},
광주,김대중컨벤션센터,{김대중컨벤션센터},35.143224736286925,126.84153482907018,{1호선},
광주,금남로4가,{금남로4가},35.13928604679114,126.92297539566472,{1호선},
광주,금남로5가,{금남로5가},35.15420314392916,126.90932496774731,{1호선},
대구,각산,{각산},35.86799440106771,128.72424172030216,{1호선},
대구,감삼,{감삼},35.85430901539491,128.548124584983,{2호선},
대구,강창,{강창},35.8530815302455,128.47852956757,{2호선},
대구,경산,{경산},35.8362116642388,128.752763532,{대경선},
대구,고산,{고산},35.8429442127885,128.693244868779,{2호선},
대구,공단,{공단},35.8919827045671,128.553616577774,{3호선},
대구,교대,{교대},35.8506517193906,128.590580870154,{1호선},
대구,구미,{구미},36.12841770895862,128.33057436954525,{대경선},
대구,구암,{구암},35.9257457718174,128.550345968157,{3호선},
대구,남산,"{남산,계명네거리}",35.8566969364077,128.583462127899,{3호선},
대구,내당,{내당},35.8601228229147,128.564640260301,{2호선},
대구,다사,{다사},35.8648265376596,128.458390514465,{2호선},
대구,담티,{담티},35.8547807171623,128.653975174296,{2호선},
대구,대곡,{대곡},35.8095726496598,128.512766290689,{1호선},
대구,대명,{대명},35.8393253088268,128.565944864274,{1호선},
대구,대실,{대실},35.8576058595846,128.465249990912,{2호선},
대구,동천,{동천},35.9377101876855,128.556683022262,{3호선},
대구,동촌,{동촌},35.8860685418711,128.650275999718,{1호선},
대구,두류,{두류},35.8572148462546,128.555687477795,{2호선},
대구,만촌,{만촌},35.8588579996533,128.644747980508,{2호선},
대구,만평,{만평},35.88983602273649,128.56106304973693,{3호선},
대구,매천,{매천},35.9126784247052,128.543413422111,{3호선},
대구,명덕,{명덕},35.857826850760546,128.59110945231205,"{1호선,3호선}",
대구,문양,{문양},35.8641579148789,128.437002637504,{2호선},
대구,방촌,{방촌},35.879640495861686,128.67017529155623,{1호선},
대구,범물,{범물},35.820839170227,128.640112691676,{3호선},
대구,범어,{범어},35.859019444441,128.626804891905,{2호선},
대구,부호,{부호},35.9002058183569,128.803132220432,{1호선},
대구,북삼,{북삼},36.056039880794394,128.34531901972233,{대경선},
대구,사곡,{사곡},36.056039880794394,128.34531901972233,{대경선},
대구,사월,{사월},35.83703160646826,128.71530783739777,{2호선},
대구,상인,{상인},35.8189266589744,128.537763550346,{1호선},
대구,송현,{송현},35.8310389735877,128.551723656305,{1호선},
대구,신기,{신기},35.866697748321876,128.7018717008197,{1호선},
대구,신천,{신천},35.8746867238902,128.617860126635,{1호선},
대구,안심,{안심},35.8712130165849,128.733769742803,{1호선},
대구,연호,{연호},35.8465875965262,128.67168212651,{2호선},
대구,왜관,{왜관},35.99191782088785,128.40047723262657,{대경선},
대구,용계,{용계},35.8761013615665,128.682019041156,{1호선},
대구,용산,{용산},35.8490710634655,128.528808727588,{2호선},
대구,용지,{용지},35.8182678027764,128.646534534337,{3호선},
대구,원대,{원대},35.883744587012295,128.5814259287805,{3호선},
대구,월배,{월배},35.8138797140673,128.523079769978,{1호선},
대구,월촌,{월촌},35.8237012191661,128.545472867668,{1호선},
대구,율하,{율하},35.8698017965623,128.692713541869,{1호선},
대구,이곡,{이곡},35.85059490342399,128.5157955477842,{2호선},
대구,임당,{임당},35.83412938415609,128.74084813804066,{2호선},
대구,정평,{정평},35.8340447735875,128.728671269463,{2호선},
대구,죽전,{죽전},37.3243773830569,127.107505020642,{2호선},
대구,지산,{지산},35.825153218139,128.631951304556,{3호선},
대구,진천,{진천},35.8138797140673,128.523079769978,{1호선},
대구,태전,{태전},35.9257457718174,128.550345968157,{3호선},
대구,팔거,{팔거},35.9440507618416,128.558336690689,{3호선},
대구,팔달,{팔달},35.8978386982277,128.546749099511,{3호선},
대구,하양,{하양},35.9094350210376,128.817528503806,{1호선},
대구,학정,{학정},35.9515586052486,128.559202329079,{3호선},
대구,해안,{해안},35.883546382084,128.659618182185,{1호선},
대구,화원,{화원},35.8095726496598,128.512766290689,{1호선},
대구,황금,{황금},35.8390783843098,128.623918523675,{3호선},
대구,계명대,"{계명대,신당}",35.85152958119339,128.49188101542035,{2호선},
대구,대구역,{대구역},35.87632871633905,128.59704770331416,"{1호선,대경선}",
대구,대봉교,{대봉교},35.855001346752566,128.60637516764342,{3호선},
대구,동구청,{동구청},35.8840411124294,128.631936380127,{1호선},
대구,반고개,{반고개},35.8622521621908,128.572719232126,{2호선},
대구,반야월,{반야월},35.86596683682594,128.71360316643197,{1호선},
대구,반월당,{반월당},35.865470884061835,128.5935849249732,{1호선},
대구,북구청,{북구청},35.883744587012295,128.5814259287805,{3호선},
대구,수성못,{수성못},35.8313560544497,128.623216677973,{3호선},
대구,아양교,{아양교},35.8872016497293,128.639921198411,{1호선},
대구,안지랑,{안지랑},35.8392307420216,128.573734314089,{1호선},
대구,영남대,{영남대},35.8361745040303,128.75277820742565,{2호선},
대구,중앙로,{중앙로},35.87085454444516,128.59397506943253,{1호선},
대구,현충로,{현충로},35.8409494737259,128.581471198973,{1호선},
대구,건들바위,{건들바위},35.8553896143222,128.599699303506,{3호선},
대구,경대병원,{경대병원},35.863145404232455,128.6029028791839,{2호선},
대구,달성공원,{달성공원},35.8756894052121,128.582099523544,{3호선},
대구,대구은행,{대구은행},35.8597628015782,128.61411950785075,{2호선},
대구,동대구역,{동대구역},35.87755434756526,128.62791465030097,"{1호선,대경선}",
대구,매천시장,{매천시장},35.9043687510623,128.545741973708,{3호선},
대구,서대구역,{서대구역},35.8814910528299,128.54001313659,{대경선},
대구,서문시장,{서문시장},35.8696678378541,128.582245500572,{3호선},
대구,설화명곡,{설화명곡},35.79871751927962,128.48936186250194,{1호선},
대구,수성구청,{수성구청},35.8588057624788,128.635638667651,{2호선},
대구,수성시장,{수성시장},35.8543238441176,128.616038217575,{3호선},
대구,영대병원,{영대병원},35.8441641859564,128.588073922024,{1호선},
대구,청라언덕,{청라언덕},35.864197913328,128.582380299872,"{2호선,3호선}",
대구,칠곡운암,{칠곡운암},35.9314624364377,128.554539499622,{3호선},
대구,칠성시장,{칠성시장},35.8761010648655,128.605133646666,{1호선},
대구,팔달시장,"{팔달시장,팔달신시장}",35.8888415481729,128.567880684049,{3호선},
대구,서부정류장,{서부정류장},35.8371825987976,128.557190858302,{1호선},
대구,어린이세상,{어린이세상},35.84517079454568,128.62446775125383,{3호선},
대구,성서산업단지,{성서산업단지},35.8517148505664,128.507000383565,{2호선},
대구,수성알파시티,"{수성알파시티,삼성라이온즈파크,대공원}",35.8429442127885,128.693244868779,{2호선},
대구,칠곡경대병원,{칠곡경대병원},35.9583910233172,128.559895264986,{3호선},
대구,대구한의대병원,{대구한의대병원},35.8716771563369,128.750970436245,{1호선},
대구,수성구민운동장,{수성구민운동장},35.8524169408054,128.625129180117,{3호선},
대전,갈마,{갈마},36.3575809907703,127.372796710623,{1호선},
대전,갑천,{갑천},36.3547487461809,127.354690249086,{1호선},
대전,구암,{구암},36.356695510518,127.330731986244,{1호선},
대전,노은,{노은},36.3741446787189,127.317883531845,{1호선},
대전,대동,"{대동,우송대}",36.3295857807756,127.442837712837,{1호선},
대전,대전,{대전},36.331529158829255,127.43287717700683,{1호선},
대전,반석,"{반석,침신대}",36.392180531687046,127.31455508683969,{1호선},
대전,시청,{시청},36.3515240038326,127.386751407456,{1호선},
대전,신흥,{신흥},36.3196578116318,127.448799412933,{1호선},
대전,오룡,{오룡},36.3286893013728,127.40492144995,{1호선},
대전,용문,{용문},36.33816667133553,127.39341085383948,{1호선},
대전,월평,"{월평,한국과학기술원,카이스트}",36.3582587338705,127.364599812571,{1호선},
대전,지족,"{지족,침신대}",36.3841073391355,127.319497778302,{1호선},
대전,탄방,{탄방},36.3455472425069,127.384569666381,{1호선},
대전,판암,"{판암,대전대}",36.3169610007362,127.458427352399,{1호선},
대전,중구청,{중구청},36.3248034278274,127.419552786885,{1호선},
대전,중앙로,{중앙로},36.32866530912132,127.4258281669503,{1호선},
대전,현충원,"{현충원,한밭대}",36.3590845904517,127.3217976064,{1호선},
대전,유성온천,"{유성온천,충남대·목원대}",36.3537203343187,127.341445807064,{1호선},
대전,정부청사,{정부청사},37.4265047272927,126.989868044926,{1호선},
대전,서대전네거리,{서대전네거리},36.32242246757099,127.41257645927034,{1호선},
대전,월드컵경기장,"{월드컵경기장,노은도매시장}",36.366863297514,127.317844996337,{1호선},
부산,가야,{가야},35.1559353192489,129.043313481032,{2호선},
부산,감전,{감전},35.1553461063375,128.99147643385,{2호선},
부산,개금,{개금},35.1532421422541,129.020568202069,{2호선},
부산,거제,{거제},35.18848999628461,129.0740928144452,"{3호선,동해선}",
부산,고촌,{고촌},35.2360135557695,129.160475584356,{4호선},
부산,공항,{공항},35.1719085341638,128.948563729722,{부산김해경전철},
부산,광안,{광안},35.157858583447,129.113145418291,{2호선},
부산,괴정,{괴정},35.0999358214704,128.992487217814,{1호선},
부산,교대,{교대},35.19578446925463,129.07999678024,"{1호선,동해선}",
부산,구남,{구남},35.1966903928098,128.994852323186,{2호선},
부산,구명,{구명},35.2028092156488,128.999556181232,{2호선},
부산,구서,{구서},35.2472824601624,129.091288325323,{1호선},
부산,구포,{구포},35.2066183302771,128.996342494032,{3호선},
부산,금곡,{금곡},35.2672407272281,129.016807358278,{2호선},
부산,금사,{금사},35.2157859199559,129.1151206096,{4호선},
부산,기장,{기장},35.2445519356355,129.218862392668,{동해선},
부산,낙민,{낙민},35.1971960342806,129.09132502632,{4호선},
부산,남산,"{남산,남산동}",35.265202901569,129.092416924607,{1호선},
부산,남창,{남창},35.41962657118878,129.28221847631076,{동해선},
부산,남천,{남천},35.1420150673392,129.107838322896,{2호선},
부산,남포,{남포},35.09790554832192,129.03473562824252,{1호선},
부산,낫개,{낫개},35.065334914564,128.979663395342,{1호선},
부산,냉정,{냉정},35.1512560458061,129.012118730836,{2호선},
부산,노포,"{노포,종합버스터미널}",35.2838438093648,129.09502424558,{1호선},
부산,당리,{당리},35.1035668582463,128.973696685691,{1호선},
부산,대사,{대사},35.2176967415322,128.938390945621,{부산김해경전철},
부산,대연,{대연},35.1351251955716,129.092118524312,{2호선},
부산,대저,{대저},35.2133137085415,128.960972949281,"{3호선,부산김해경전철}",
부산,대티,{대티},35.1031581926258,128.999943470572,{1호선},
부산,덕두,{덕두},35.181994167427,128.95417861657,{부산김해경전철},
부산,덕천,{덕천},35.210434749918534,129.00517512816737,"{2호선,3호선}",
부산,덕포,{덕포},35.173322543115,128.983801941146,{2호선},
부산,덕하,{덕하},35.50786782920172,129.32123387577892,{동해선},
부산,동래,{동래},35.20561606540984,129.0784743842795,"{1호선,4호선,동해선}","동해선은 메인 전철과 약 1km 떨어져있어서 환승역이 아니지만, 일단 임의로 포함해놓음"
부산,동매,{동매},35.0897562520489,128.973526035966,{1호선},
부산,동백,{동백},35.1613367503845,129.147990152182,{2호선},
부산,동원,{동원},35.2586448319904,129.012410550189,{2호선},
부산,두실,{두실},35.2570169811596,129.091371463912,{1호선},
부산,등구,{등구},35.196153352934,128.963542041197,{부산김해경전철},
부산,만덕,{만덕},35.2130037763101,129.036274850219,{3호선},
부산,망미,"{망미,병무청}",35.171497899839316,129.10831503568375,{3호선},
부산,망양,{망양},35.456494939514954,129.28789618393083,{동해선},
부산,명륜,{명륜},35.2125752875352,129.079702639717,{1호선},
부산,명장,{명장},35.20540841852537,129.1018738053871,{4호선},
부산,모덕,{모덕},35.1804122918444,128.985603131583,{2호선},
부산,모라,{모라},35.1895447446342,128.988569733613,{2호선},
부산,못골,{못골},35.1347250910939,129.084381118075,{2호선},
부산,문현,{문현},35.1390425736004,129.067394840249,{2호선},
부산,미남,{미남},35.20684465674998,129.06898858871165,"{3호선,4호선}",
부산,민락,{민락},35.1670631931086,129.122097073991,{2호선},
부산,배산,{배산},35.1734942170739,129.09558177246,{3호선},
부산,범일,{범일},35.14080345890983,129.0593528545117,{1호선},
부산,봉황,{봉황},35.2272823463239,128.8742777452,{부산김해경전철},
부산,부산,{부산},35.1145412381182,129.039344263316,{1호선},
부산,부암,{부암},35.157364020045065,129.0501711324292,{2호선},
부산,부원,{부원},35.226524233428016,128.88398327872176,{부산김해경전철},
부산,부전,{부전},35.1640321323598,129.059441356112,"{1호선,동해선}",
부산,불암,{불암},35.222144212820545,128.92783103353437,{부산김해경전철},
부산,사상,{사상},35.1626895550862,128.984408359544,"{2호선,부산김해경전철}",
부산,사직,{사직},35.1986215514386,129.065193277832,{3호선},
부산,사하,{사하},35.0997677417715,128.983395006332,{1호선},
부산,서동,{서동},35.2131681497048,129.107524541959,{4호선},
부산,서면,{서면},35.157939062512,129.059300883545,"{1호선,2호선}",
부산,서생,{서생},35.346167450987814,129.29305003906973,{동해선},
부산,석대,{석대},35.2177499579063,129.123995882239,{4호선},
부산,센텀,{센텀},35.1795120878211,129.124435879898,{동해선},
부산,송정,{송정},35.1877667326912,129.20208562126,{동해선},
부산,수안,{수안},35.2017370185204,129.083848486855,{4호선},
부산,수영,{수영},35.165680361287,129.114809550972,"{2호선,3호선}",
부산,수정,{수정},35.2231832264448,129.009105154949,{2호선},
부산,숙등,{숙등},35.2120778435626,129.013192843436,{3호선},
부산,시청,{시청},35.1796794732693,129.076559083164,{1호선},
부산,신평,{신평},35.0952286648109,128.960618556493,{1호선},
부산,안락,{안락},35.19362117361153,129.11425370467586,{동해선},
부산,안평,{안평},35.2373686145171,129.17176302749,{4호선},
부산,양산,{양산},35.3387498687181,129.026444387383,{2호선},
부산,양정,{양정},35.1727945202073,129.071093977334,{1호선},
부산,연산,{연산},35.1860379097119,129.081603364757,"{1호선,3호선}",
부산,월내,{월내},35.3281021044877,129.276716991971,{동해선},
부산,율리,{율리},35.24625350303768,129.01286767118953,{2호선},
부산,일광,{일광},35.26758119584539,129.23309285186517,{동해선},
부산,장림,{장림},35.081961734507,128.977350698097,{1호선},
부산,장산,{장산},35.1699558313015,129.177022545045,{2호선},
부산,장전,{장전},35.23807481304964,129.08814333961908,{1호선},
부산,재송,{재송},35.1880806332915,129.120092561969,{동해선},
부산,전포,{전포},35.1530881426641,129.06538457863,{2호선},
부산,좌천,{좌천},35.1343820073548,129.054455383044,"{1호선,동해선}",
부산,주례,{주례},35.1504864668448,129.002874383901,{2호선},
부산,중동,{중동},35.1666833502971,129.16876188899343,{2호선},
부산,중앙,{중앙},35.10372501690833,129.036363969152,{1호선},
부산,증산,{증산},35.3082580738269,129.010288175541,{2호선},
부산,지내,{지내},35.2274754567937,128.923761776687,{부산김해경전철},
부산,초량,{초량},35.1205304214806,129.042661154399,{1호선},
부산,토성,{토성},35.1007852525409,129.019785649708,{1호선},
부산,평강,{평강},35.2140387478609,128.950681581985,{부산김해경전철},
부산,하단,{하단},35.1062385683347,128.966786546793,{1호선},
부산,호포,{호포},35.2808327093335,129.017518090893,{2호선},
부산,화명,{화명},35.2357925046576,129.01386233425,{2호선},
부산,가야대,{가야대},35.2668151307555,128.864973471686,{부산김해경전철},
부산,개운포,{개운포},35.50786782920172,129.32123387577892,{동해선},
부산,금련산,{금련산},35.14969257761234,129.11096146101232,{2호선},
부산,남산정,"{남산정,부산폴리텍대학}",35.21332375652248,129.02375291133384,{3호선},
부산,남양산,"{남양산,범어}",35.3254476866423,129.019413640564,{2호선},
부산,동대신,{동대신},35.11032054771603,129.0177333285286,{1호선},
부산,동의대,{동의대},35.1540609901883,129.032596868027,{2호선},
부산,물만골,{물만골},35.1767970911539,129.0857095864,{3호선},
부산,박물관,{박물관},35.239940950835155,128.87191408119506,{부산김해경전철},
부산,범내골,{범내골},35.1473134465248,129.05924810527,{1호선},
부산,범어사,{범어사},35.27306328395934,129.09264111025075,{1호선},
부산,벡스코,{벡스코},35.1712399344204,129.136705372019,"{2호선,동해선}",
부산,부산대,{부산대},35.22964948660202,129.08942537773808,{1호선},
부산,부산진,{부산진},35.12779789319554,129.04786649362282,{1호선},
부산,서대신,{서대신},35.11032054771603,129.0177333285286,{1호선},
부산,신장림,{신장림},35.0747429522444,128.976593289614,{1호선},
부산,영산대,{영산대},35.22559607721028,129.14611605582886,{4호선},
부산,온천장,"{온천장,우리들병원}",35.2202705693472,129.086435133803,{1호선},
부산,윗반송,{윗반송},35.2323946024307,129.15375363540113,{4호선},
부산,인제대,{인제대},35.1532421422541,129.020568202069,{부산김해경전철},
부산,자갈치,{자갈치},35.097195508119285,129.0260699211048,{1호선},
부산,장신대,{장신대},35.2595208230408,128.86720149363,{부산김해경전철},
부산,지게골,{지게골},35.1355628667805,129.074424176843,{2호선},
부산,충렬사,{충렬사},35.20028345958105,129.09788161135464,{4호선},
부산,태화강,{태화강},35.538309114564576,129.3538161395219,{동해선},
부산,해운대,{해운대},35.1636479638612,129.158897240251,{2호선},
부산,경성대·부경대,{경성대·부경대},35.1376003833537,129.100519243797,{2호선},
부산,강서구청,{강서구청},35.2111798817286,128.981986450565,{3호선},
부산,김해대학,{김해대학},35.22899663473,128.915582461774,{부산김해경전철},
부산,김해시청,{김해시청},35.2271218680623,128.890387960522,{부산김해경전철},
부산,다대포항,{다대포항},35.0576775626584,128.971306868032,{1호선},
부산,부산원동,{부산원동},35.19362117361153,129.11425370467586,{동해선},
부산,센텀시티,{센텀시티},35.168948888080884,129.1317651180283,{2호선},
부산,수로왕릉,{수로왕릉},35.2328195086945,128.872164496608,{부산김해경전철},
부산,신해운대,{신해운대},35.1817313965038,129.176849316342,{동해선},
부산,연지공원,{연지공원},35.2496404839021,128.869286266039,{부산김해경전철},
부산,오시리아,{오시리아},35.1962464517431,129.208312848657,{동해선},
부산,체육공원,{체육공원},35.2124735466918,128.969425373083,{3호선},
부산,거제해맞이,{거제해맞이},35.1812073659835,129.069006857993,{동해선},
부산,종합운동장,{종합운동장},35.1915543631385,129.06742941297,{3호선},
부산,괘법르네시떼,{괘법르네시떼},35.1632721941138,128.977658179095,{부산김해경전철},
부산,국제금융센터·부산은행,"{국제금융센터·부산은행,문전}",35.1459205441501,129.066743786541,{2호선},
부산,다대포해수욕장,{다대포해수욕장},35.0481605146045,128.965782934439,{1호선},
부산,반여농산물시장,{반여농산물시장},35.2177499579063,129.123995882239,{4호선},
부산,서부산유통지구,"{서부산유통지구,금호마을}",35.1663703106116,128.954910864535,{부산김해경전철},
부산,부산대양산캠퍼스,{부산대양산캠퍼스},35.3168258388166,129.013992153753,{2호선},
수도권,가능,"{가능,을지대병원}",37.748577,127.044213,{1호선},
수도권,가양,"{가양,부민병원}",37.561391,126.854456,{9호선},
수도권,가정,"{가정,루원시티}",37.524649,126.675539,{인천 2호선},
수도권,가좌,{가좌},37.568491,126.915487,"{경의중앙선,경의중앙선-경의1선}",
수도권,가평,{가평},37.814536,127.510739,{경춘선},
수도권,간석,{간석},37.464737,126.694181,{1호선},
수도권,갈매,{갈매},37.634118,127.114757,{경춘선},
수도권,갈산,{갈산},37.517268,126.721514,{인천 1호선},
수도권,강남,{강남},37.497175,127.027926,"{2호선,신분당선}",
수도권,강동,"{강동,강동성심병원}",37.535804,127.132481,"{5호선,5호선-마천지선}",
수도권,강매,{강매},37.612314,126.843223,{경의중앙선},
수도권,강변,{강변},37.535095,127.094681,{2호선},
수도권,강일,{강일},37.55745570731871,127.17568364856686,{5호선},
수도권,강촌,{강촌},37.805723,127.634146,{경춘선},
수도권,개롱,{개롱},37.498079,127.13482,{5호선-마천지선},
수도권,개봉,{개봉},37.494594,126.85868,{1호선},
수도권,개화,{개화},37.578608,126.798153,{9호선},
수도권,거여,{거여},37.493105,127.14415,{5호선-마천지선},
수도권,검암,{검암},37.569104,126.673728,"{인천 2호선,공항철도}",
수도권,계산,"{계산,경인여대}",37.543238,126.728128,{인천 1호선},
수도권,계양,{계양},37.571462,126.735637,"{인천 1호선,공항철도}",
수도권,고덕,"{고덕,강동경희대병원}",37.555004,127.154151,{5호선},
수도권,고색,{고색},37.249620384012246,126.9804976001698,{수인분당선},
수도권,고잔,"{고잔,고대안산병원}",37.316777,126.823249,"{4호선,수인분당선}",
수도권,고진,{고진},37.24484,127.214251,{용인에버라인},
수도권,고촌,{고촌},37.60122785853614,126.77034119038213,{김포골드라인},
수도권,곡산,{곡산},37.645676,126.801762,"{경의중앙선,서해선}",
수도권,곤제,{곤제},37.750471,127.083715,{의정부경전철},
수도권,공덕,{공덕},37.544018,126.951592,"{5호선,6호선,경의중앙선,공항철도}",
수도권,공릉,"{공릉,서울과학기술대}",37.625742,127.072896,{7호선},
수도권,과천,{과천},37.433021,126.996568,{4호선},
수도권,관악,"{관악,안양예술공원}",37.419232,126.908706,{1호선},
수도권,광교,"{광교,경기대}",37.30211,127.044483,{신분당선},
수도권,광명,{광명},37.416182,126.884466,{1호선},
수도권,교대,{교대},37.493415,127.01408,"{2호선,3호선}",
수도권,구래,{구래},37.64531719429708,126.6286936975812,{김포골드라인},
수도권,구로,{구로},37.503039,126.881966,{1호선},
수도권,구룡,{구룡},37.486839,127.058856,{수인분당선},
수도권,구리,{구리},37.603392,127.143869,"{경의중앙선,8호선-별내선}",
수도권,구산,{구산},37.611377,126.91727,{6호선},
수도권,구성,{구성},37.298969,127.105664,"{수인분당선,광역급행철도A}",
수도권,구의,{구의},37.537077,127.085916,{2호선},
수도권,구일,"{구일,동양미래대학}",37.496756,126.870793,{1호선},
수도권,국수,{국수},37.516169,127.399367,{경의중앙선},
수도권,군자,"{군자,능동}",37.557121,127.079542,"{5호선,7호선}",
수도권,군포,"{군포,지샘병원}",37.35356,126.948462,{1호선},
수도권,귤현,{귤현},37.566379,126.742654,{인천 1호선},
수도권,금곡,{금곡},37.637382,127.207853,{경춘선},
수도권,금릉,{금릉},37.751322,126.765347,{경의중앙선},
수도권,금정,{금정},37.372221,126.943429,"{1호선,4호선}",
수도권,금촌,{금촌},37.766217,126.774644,{경의중앙선},
수도권,금호,{금호},37.548034,127.015872,{3호선},
수도권,기흥,"{기흥,백남준아트센터}",37.275619,127.115936,"{수인분당선,용인에버라인}",
수도권,길동,{길동},37.537801,127.140004,{5호선},
수도권,길음,{길음},37.603407,127.025053,{4호선},
수도권,남성,{남성},37.484596,126.971251,{7호선},
수도권,남영,{남영},37.541021,126.9713,{1호선},
수도권,내방,"{내방,유중아트센터}",37.487618,126.993513,{7호선},
수도권,노들,{노들},37.512887,126.953222,{9호선},
수도권,노원,{노원},37.655128,127.061368,"{4호선,7호선}",
수도권,녹번,{녹번},37.600927,126.935756,{3호선},
수도권,녹양,{녹양},37.75938,127.042292,{1호선},
수도권,녹천,{녹천},37.644799,127.051269,{1호선},
수도권,논현,{논현},37.511093,127.021415,"{7호선,신분당선}",
수도권,능곡,{능곡},37.618808,126.820783,"{경의중앙선,서해선}",
수도권,다산,{다산},37.62421431046202,127.14979533301609,{8호선-별내선},
수도권,달미,{달미},37.34881669948053,126.80936127769863,{서해선},
수도권,달월,{달월},37.379681,126.745177,{수인분당선},
수도권,당곡,{당곡},37.50602385205799,126.9227055218995,{신림선},
수도권,당산,{당산},37.53438,126.902281,"{2호선,9호선}",
수도권,당정,"{당정,한세대}",37.344285,126.948345,{1호선},
수도권,대곡,{대곡},37.631626,126.811024,"{3호선,경의중앙선,서해선,광역급행철도A}",
수도권,대림,"{대림,구로구청}",37.49297,126.895801,"{2호선,7호선}",
수도권,대방,"{대방,성애병원}",37.513342,126.926382,"{1호선,신림선}",
수도권,대청,"{대청,서울주택도시개발공사}",37.493514,127.079532,{3호선},
수도권,대치,{대치},37.494612,127.063642,{3호선},
수도권,대화,{대화},37.676087,126.747569,{3호선},
수도권,대흥,"{대흥,서강대앞}",37.547771,126.942069,{6호선},
수도권,덕계,{덕계},37.818486,127.056486,{1호선},
수도권,덕소,{덕소},37.586781,127.208832,{경의중앙선},
수도권,덕정,"{덕정,서정대}",37.843188,127.061277,{1호선},
수도권,도곡,{도곡},37.490858,127.055381,"{3호선,수인분당선}",
수도권,도농,{도농},37.608806,127.161153,{경의중앙선},
수도권,도봉,{도봉},37.679563,127.045595,{1호선},
수도권,도심,{도심},37.579622,127.222672,{경의중앙선},
수도권,도원,{도원},37.468446,126.642706,{1호선},
수도권,도화,{도화},37.46607,126.668672,{1호선},
수도권,독산,{독산},37.466613,126.889249,{1호선},
수도권,독정,"{독정,로열파크씨티}",37.585212,126.675844,{인천 2호선},
수도권,동막,"{동막,저어새생태학습관}",37.397878,126.674005,{인천 1호선},
수도권,동백,"{동백,용인세브란스병원}",37.269043,127.152716,{용인에버라인},
수도권,동수,{동수},37.485312,126.718247,{인천 1호선},
수도권,동암,{동암},37.471408,126.702896,{1호선},
수도권,동오,{동오},37.745271,127.056947,{의정부경전철},
수도권,동작,"{동작,현충원}",37.502971,126.979306,"{4호선,9호선}",
수도권,동천,{동천},37.337928,127.102976,{신분당선},
수도권,동춘,"{동춘,스퀘어원}",37.404737,126.681015,{인천 1호선},
수도권,동탄,{동탄},37.2009493086372,127.09564707275727,{광역급행철도A},
수도권,두정,{두정},36.833705,127.14896,{1호선},
수도권,둔전,{둔전},37.267051,127.21364,{용인에버라인},
수도권,등촌,"{등촌,강서대학교}",37.550632,126.865689,{9호선},
수도권,뚝섬,{뚝섬},37.547184,127.047367,{2호선},
수도권,마곡,"{마곡,홈앤쇼핑}",37.560183,126.825448,{5호선},
수도권,마두,{마두},37.652206,126.77762,{3호선},
수도권,마들,{마들},37.66494,127.057675,{7호선},
수도권,마산,"{마산,김포FC}",35.236505471146536,128.57705650483354,{김포골드라인},
수도권,마석,{마석},37.652782,127.311767,{경춘선},
수도권,마장,{마장},37.5661,127.042973,{5호선},
수도권,마전,{마전},37.597566,126.666998,{인천 2호선},
수도권,마천,{마천},37.49499,127.152781,{5호선-마천지선},
수도권,마포,{마포},37.539574,126.945932,{5호선},
수도권,만수,{만수},37.454911,126.732094,{인천 2호선},
수도권,망우,{망우},37.59955,127.091909,"{경의중앙선,경춘선}",
수도권,망원,{망원},37.556094,126.910052,{6호선},
수도권,망포,{망포},37.245795,127.057353,{수인분당선},
수도권,매교,{매교},37.265481,127.015678,{수인분당선},
수도권,매봉,{매봉},37.486947,127.046769,{3호선},
수도권,먹골,{먹골},37.610637,127.077725,{7호선},
수도권,면목,"{면목,서일대입구}",37.588579,127.087503,{7호선},
수도권,명동,"{명동,우리금융타운}",37.560989,126.986325,{4호선},
수도권,명일,{명일},37.55137,127.143999,{5호선},
수도권,명학,"{명학,성결대}",37.384653,126.935433,{1호선},
수도권,모란,{모란},37.43213,127.129087,"{8호선,수인분당선}",
수도권,목동,{목동},37.526065,126.864931,{5호선},
수도권,문래,{문래},37.517933,126.89476,{2호선},
수도권,문산,{문산},37.854619,126.788047,{경의중앙선},
수도권,문정,{문정},37.485855,127.1225,{8호선},
수도권,미금,"{미금,분당서울대병원}",37.350077,127.10891,"{수인분당선,신분당선}",
수도권,미사,{미사},37.55745570731871,127.17568364856686,{5호선},
수도권,미아,"{미아,서울사이버대학}",37.62667,127.025983,{4호선},
수도권,박촌,{박촌},37.553703,126.745077,{인천 1호선},
수도권,반월,{반월},37.312212,126.903524,{4호선},
수도권,반포,{반포},37.508178,127.011727,{7호선},
수도권,발곡,{발곡},37.727048,127.052803,{의정부경전철},
수도권,발산,"{발산,에스앤유서울병원}",37.558598,126.837668,{5호선},
수도권,방배,{방배},37.481426,126.997596,{2호선},
수도권,방이,{방이},37.508857,127.126133,{5호선-마천지선},
수도권,방학,"{방학,도봉구청}",37.667503,127.044273,{1호선},
수도권,방화,{방화},37.577446,126.812741,{5호선},
수도권,배방,{배방},36.777629,127.052991,{1호선},
수도권,백마,{백마},37.658239,126.794461,"{경의중앙선,서해선}",
수도권,백석,"{백석,건강보험일산병원}",37.643114,126.78787,{3호선},
수도권,백운,{백운},37.483664,126.707704,{1호선},
수도권,범계,{범계},37.389793,126.950806,{4호선},
수도권,범골,{범골},37.728755,127.04353,{의정부경전철},
수도권,별내,"{별내,삼육대학교}",37.64202,127.12684,"{4호선,경춘선,8호선-별내선}",
수도권,병점,{병점},37.207503,127.032731,{1호선},
수도권,보문,{보문},37.585286,127.019381,"{6호선,우이신설선}",
수도권,보산,{보산},37.913702,127.057277,{1호선},
수도권,보정,{보정},37.312752,127.108196,{수인분당선},
수도권,보평,{보평},37.258965,127.218457,{용인에버라인},
수도권,복정,"{복정,동서울대학}",37.470047,127.126662,"{8호선,수인분당선}",
수도권,봉명,{봉명},36.801215,127.135763,{1호선},
수도권,봉천,{봉천},37.482362,126.941892,{2호선},
수도권,부개,{부개},37.488418,126.74109,{1호선},
수도권,부발,{부발},37.260192,127.490277,{경강선},
수도권,부천,"{부천,부천대}",37.48405,126.782686,{1호선},
수도권,부평,"{부평,부평힘찬병원}",37.489493,126.724805,"{1호선,인천 1호선}",
수도권,불광,{불광},37.610469,126.929887,"{3호선,6호선}",
수도권,사당,{사당},37.47653,126.981685,"{2호선,4호선}",
수도권,사릉,{사릉},37.65108,127.176933,{경춘선},
수도권,사리,{사리},37.29088459768417,126.85717221365792,{수인분당선},
수도권,사우,"{사우,김포시청,나리여성병원}",37.62031867658836,126.7197861184693,{김포골드라인},
수도권,사평,{사평},37.504206,127.015259,{9호선},
수도권,산곡,{산곡},37.53979695277891,127.2232215814923,{7호선},
수도권,산본,"{산본,원광대산본병원}",37.358101,126.933274,{4호선},
수도권,산성,{산성},37.457122,127.149908,{8호선},
수도권,삼가,"{삼가,용인미르스타디움}",37.242115,127.168075,{용인에버라인},
수도권,삼동,{삼동},37.409522,127.20336,{경강선},
수도권,삼성,{삼성},37.508844,127.06316,{2호선},
수도권,삼송,"{삼송,중부대학교}",37.653083,126.895558,{3호선},
수도권,삼양,{삼양},37.627165,127.018152,{우이신설선},
수도권,삼전,{삼전},37.50447613828073,127.0873330102367,{9호선},
수도권,상갈,{상갈},37.26181,127.108847,{수인분당선},
수도권,상계,{상계},37.660878,127.073572,{4호선},
수도권,상도,{상도},37.502834,126.94791,{7호선},
수도권,상동,{상동},37.505781,126.753083,{7호선},
수도권,상봉,"{상봉,한국열린사이버대}",37.596362,127.085032,"{7호선,경의중앙선,경춘선,경춘선-망우선}",
수도권,상수,{상수},37.547716,126.922852,{6호선},
수도권,상천,"{상천,호명호수}",37.770246,127.454821,{경춘선},
수도권,상현,{상현},37.297664,127.069342,{신분당선},
수도권,새말,{새말},37.748885,127.06362,{의정부경전철},
수도권,새절,{새절},37.591148,126.913629,{6호선},
수도권,샛강,"{샛강,KB금융타운}",37.517274,126.928422,"{9호선,신림선}",
수도권,서울,{서울},37.554648,126.972559,"{1호선,4호선,공항철도,광역급행철도A,경의중앙선-경의1선}",
수도권,서원,{서원},37.50602385205799,126.9227055218995,{신림선},
수도권,서초,{서초},37.491897,127.007917,{2호선},
수도권,서현,{서현},37.385126,127.123592,{수인분당선},
수도권,석계,{석계},37.614805,127.065851,"{1호선,6호선}",
수도권,석남,"{석남,거북시장}",37.506193,126.676203,"{7호선,인천 2호선}",
수도권,석수,{석수},37.435047,126.902295,{1호선},
수도권,석촌,"{석촌,한솔병원}",37.505431,127.106979,"{8호선,9호선}",
수도권,선릉,{선릉},37.504503,127.049008,"{2호선,수인분당선}",
수도권,선부,"{선부,한도병원}",37.33427498559986,126.80991709860383,{서해선},
수도권,선학,{선학},37.426684,126.698863,{인천 1호선},
수도권,성남,{성남},37.406850970953045,126.62605891424738,"{경강선,광역급행철도A}",
수도권,성복,{성복},37.313335,127.0801,{신분당선},
수도권,성수,{성수},37.544581,127.055961,"{2호선,2호선-성수지선}",
수도권,성환,{성환},36.916076,127.126964,{1호선},
수도권,세류,{세류},37.245025,127.013222,{1호선},
수도권,세마,{세마},37.187533,127.04318,{1호선},
수도권,소사,"{소사,서울신대}",37.482753,126.79544,"{1호선,서해선}",
수도권,솔샘,{솔샘},37.62124,127.013528,{우이신설선},
수도권,송내,{송내},37.4876,126.753664,{1호선},
수도권,송도,{송도},37.428514,126.657772,{수인분당선},
수도권,송산,{송산},37.737279,127.087159,{의정부경전철},
수도권,송정,{송정},37.561184,126.811973,{5호선},
수도권,송탄,{송탄},37.075696,127.054301,{1호선},
수도권,송파,{송파},37.499703,127.112183,{8호선},
수도권,수내,{수내},37.378455,127.114322,{수인분당선},
수도권,수색,{수색},37.580842,126.895611,{경의중앙선},
수도권,수서,{수서},37.487371,127.10188,"{3호선,수인분당선,광역급행철도A}",
수도권,수원,{수원},37.265974,126.999874,"{1호선,수인분당선}",
수도권,수유,"{수유,강북구청}",37.638052,127.025732,{4호선},
수도권,수진,{수진},37.437428,127.140722,{8호선},
수도권,숭의,"{숭의,인하대병원}",37.460789,126.638297,{수인분당선},
수도권,시우,{시우},37.33427498559986,126.80991709860383,{서해선},
수도권,시청,{시청},37.564718,126.977108,"{2호선,1호선}",
수도권,신갈,{신갈},37.286102,127.111313,{수인분당선},
수도권,신길,{신길},37.517122,126.917169,"{1호선,5호선}",
수도권,신내,{신내},37.612887,127.103218,"{6호선,경춘선}",
수도권,신답,{신답},37.57004,127.046481,{2호선-성수지선},
수도권,신당,{신당},37.565972,127.01782,"{2호선,6호선}",
수도권,신림,{신림},37.484201,126.929715,"{2호선,신림선}",
수도권,신사,"{신사,KCC건설}",37.516334,127.020114,"{3호선,신분당선}",
수도권,신원,{신원},37.525545,127.372921,{경의중앙선},
수도권,신정,"{신정,은행정}",37.524997,126.856191,{5호선},
수도권,신창,"{신창,순천향대}",36.769502,126.951108,{1호선},
수도권,신천,{신천},37.43901534405052,126.78676200628752,{서해선},
수도권,신촌,{신촌},37.555134,126.936893,"{2호선,경의중앙선-경의1선}",이름은 같은 역이 약간의 거리를 두고 떨어져있음. 일단은 2호선 역을 기준으로 병합해둠
수도권,신포,{신포},37.46874,126.623853,{수인분당선},
수도권,신풍,{신풍},37.50008,126.90993,{7호선},
수도권,신현,{신현},37.409500179179076,126.78794133874536,{서해선},
수도권,신흥,{신흥},37.440918,127.147564,{8호선},
수도권,쌍문,{쌍문},37.648627,127.034709,{4호선},
수도권,쌍용,"{쌍용,나사렛대}",36.793759,127.1214,{1호선},
수도권,아라,"{아라,북부법원·검찰청,예온치과병원}",37.60267422198921,126.69840663858163,{인천 1호선},
수도권,아산,"{아산,선문대}",36.792053,127.104361,{1호선},
수도권,아신,{아신},37.51382,127.443173,{경의중앙선},
수도권,아현,{아현},37.557345,126.956141,{2호선},
수도권,안국,"{안국,현대건설}",37.576477,126.985443,{3호선},
수도권,안산,{안산},37.327082,126.788532,"{4호선,수인분당선}",
수도권,안암,"{안암,고대병원앞}",37.586272,127.029005,{6호선},
수도권,안양,{안양},37.401592,126.922874,{1호선},
수도권,암사,{암사},37.55021,127.127562,"{8호선,8호선-별내선}",
수도권,야당,{야당},37.712327,126.761356,{경의중앙선},
수도권,야목,{야목},37.26147217904321,126.8837197754713,{수인분당선},
수도권,야탑,{야탑},37.411185,127.128715,{수인분당선},
수도권,약수,{약수},37.55434,127.010655,"{3호선,6호선}",
수도권,양수,{양수},37.545981,127.329098,{경의중앙선},
수도권,양원,{양원},37.606596,127.107906,{경의중앙선},
수도권,양재,"{양재,서초구청}",37.484147,127.034631,"{3호선,신분당선}",
수도권,양정,{양정},37.60533,127.19364,{경의중앙선},
수도권,양주,"{양주,경동대}",37.774381,127.044708,{1호선},
수도권,양촌,{양촌},37.64175867457648,126.61475241462618,{김포골드라인},
수도권,양평,{양평},37.525648,126.885778,{5호선},서울 영등포구
수도권,어룡,"{어룡,용현산업단지}",37.742802,127.085035,{의정부경전철},
수도권,어정,{어정},37.274917,127.143714,{용인에버라인},
수도권,어천,{어천},37.249620384012246,126.9804976001698,{수인분당선},
수도권,언주,"{언주,강남차병원}",37.507287,127.033868,{9호선},
수도권,여주,"{여주,여주대}",37.282701,127.628607,{경강선},
수도권,역곡,"{역곡,가톨릭대}",37.485178,126.811502,{1호선},
수도권,역삼,{역삼},37.500622,127.036456,{2호선},
수도권,역촌,{역촌},37.606021,126.922744,{6호선},
수도권,연수,{연수},37.417804,126.67894,{수인분당선},
수도권,연천,{연천},37.55586922999129,126.98640780299816,{1호선},
수도권,염창,{염창},37.546936,126.874916,{9호선},
수도권,영종,{영종},37.511466,126.5237,{공항철도},
수도권,영통,{영통},37.251568,127.071394,{수인분당선},
수도권,오금,{오금},37.502162,127.128111,"{3호선,5호선-마천지선}",
수도권,오남,{오남},37.55586922999129,126.98640780299816,{4호선},
수도권,오리,{오리},37.339824,127.108942,{수인분당선},
수도권,오빈,{오빈},37.506062,127.473868,{경의중앙선},
수도권,오산,{오산},37.145885,127.06672,{1호선},
수도권,옥수,{옥수},37.540685,127.017965,"{3호선,경의중앙선}",
수도권,온수,"{온수,성공회대입구}",37.492258,126.823388,"{1호선,7호선}",
수도권,완정,"{완정,검단탑종합병원}",37.592928,126.673203,{인천 2호선},
수도권,왕길,"{왕길,왕길역로열파크씨티}",37.59518,126.642696,{인천 2호선},
수도권,용답,{용답},37.561904,127.050899,{2호선-성수지선},
수도권,용두,"{용두,동대문구청}",37.574028,127.038091,{2호선-성수지선},
수도권,용문,{용문},37.48223,127.594647,"{경의중앙선,경의중앙선-용문홍천선}",
수도권,용산,{용산},37.529849,126.964561,"{1호선,경의중앙선}",
수도권,운서,{운서},37.492904,126.49379,{공항철도},
수도권,운양,{운양},37.653775952102215,126.68386201186274,{김포골드라인},
수도권,운연,"{운연,서창}",37.440127,126.75997,{인천 2호선},
수도권,운정,{운정},37.725826,126.767257,{경의중앙선},
수도권,운천,{운천},37.87997341678413,126.7702087016778,{경의중앙선},
수도권,원당,{원당},37.653324,126.843041,{3호선},
수도권,원덕,{원덕},37.468672,127.547076,{경의중앙선},
수도권,원시,{원시},37.302573328302834,126.78680664595844,{서해선},
수도권,원흥,{원흥},37.650658,126.872642,{3호선},
수도권,월계,"{월계,인덕대}",37.633212,127.058831,{1호선},
수도권,월곡,"{월곡,동덕여대}",37.601948,127.041518,{6호선},
수도권,월곶,{월곶},37.391769,126.742699,{수인분당선},
수도권,월롱,"{월롱,서영대학교}",37.796188,126.792587,{경의중앙선},
수도권,응봉,{응봉},37.549946,127.034538,{경의중앙선},
수도권,응암,{응암},37.598605,126.915577,{6호선},
수도권,의왕,"{의왕,한국교통대}",37.320852,126.948217,{1호선},
수도권,이대,{이대},37.556733,126.946013,{2호선},
수도권,이매,{이매},37.396104,127.12827,"{경강선,수인분당선}",
수도권,이수,"{이수,총신대입구}",37.486263,126.981989,"{4호선,7호선}",
수도권,이천,{이천},37.265579,127.44226,{경강선},
수도권,이촌,"{이촌,국립중앙박물관}",37.522272,126.974345,"{2호선,4호선,경의중앙선}",
수도권,인천,{인천},37.476691,126.616936,"{1호선,수인분당선}",
수도권,일산,{일산},37.682077,126.769846,"{경의중앙선,서해선}",
수도권,일원,{일원},37.483681,127.08439,{3호선},
수도권,임학,{임학},37.545059,126.738665,{인천 1호선},
수도권,자양,"{자양,뚝섬한강공원,뚝섬유원지}",37.53979695277891,127.2232215814923,{7호선},
수도권,작전,"{작전,인천세종병원}",37.530415,126.722527,{인천 1호선},
수도권,잠실,{잠실},37.51395,127.102234,"{2호선,8호선}",
수도권,잠원,{잠원},37.512759,127.01122,{3호선},
수도권,장기,{장기},37.64404536860653,126.66907701116591,{김포골드라인},
수도권,장암,{장암},37.700109,127.053196,{7호선},
수도권,장지,{장지},37.478703,127.126191,{8호선},
수도권,전곡,{전곡},37.55586922999129,126.98640780299816,{1호선},
수도권,정릉,"{정릉,국민대}",37.602798,127.01349,{우이신설선},
수도권,정왕,"{정왕,시화병원}",37.351735,126.742989,"{4호선,수인분당선}",
수도권,정자,{정자},37.36706,127.108105,"{수인분당선,신분당선}",
수도권,종각,{종각},37.570161,126.982923,{1호선},
수도권,주안,"{주안,인천사랑병원}",37.464941,126.679923,"{1호선,인천 2호선}",
수도권,주엽,{주엽},37.670072,126.761334,{3호선},
수도권,죽전,"{죽전,단국대}",37.324753,127.107395,{수인분당선},
수도권,중계,"{중계,한국성서대}",37.644583,127.064303,{7호선},
수도권,중곡,{중곡},37.565923,127.08432,{7호선},
수도권,중동,{중동},37.486562,126.764843,{1호선},
수도권,중랑,{중랑},37.594917,127.076116,"{경의중앙선,경춘선}",
수도권,중앙,"{중앙,서울예술대학교}",37.315941,126.838573,"{4호선,수인분당선}",
수도권,중화,{중화},37.602545,127.079264,{7호선},
수도권,증미,{증미},37.557402,126.861939,{9호선},
수도권,증산,"{증산,명지대앞}",37.583876,126.909645,{6호선},
수도권,지석,{지석},37.269606,127.136515,{용인에버라인},
수도권,지축,{지축},37.648048,126.913951,{3호선},
수도권,지평,{지평},37.476444,127.629617,{경의중앙선},
수도권,지행,{지행},37.892334,127.055716,{1호선},
수도권,직산,{직산},36.870593,127.143904,{1호선},
수도권,진위,{진위},37.109447,127.062278,{1호선},
수도권,진접,{진접},37.55586922999129,126.98640780299816,{4호선},
수도권,창동,{창동},37.653166,127.047731,"{1호선,4호선}",
수도권,창신,{창신},37.579661,127.015241,{6호선},
수도권,천안,{천안},36.810005,127.146826,{1호선},
수도권,천왕,{천왕},37.486637,126.838713,{7호선},
수도권,천호,"{천호,풍납토성}",37.538397,127.123572,"{5호선,8호선}",
수도권,철산,{철산},37.47605,126.867911,{7호선},
수도권,청구,{청구},37.560245,127.013828,"{5호선,6호선}",
수도권,청담,"{청담,제일정형외과병원}",37.519365,127.05335,{7호선},
수도권,청명,{청명},37.259489,127.078934,{수인분당선},
수도권,청산,{청산},37.55586922999129,126.98640780299816,{1호선},
수도권,청평,{청평},37.735488,127.42661,{경춘선},
수도권,초당,{초당},37.260752,127.159443,{용인에버라인},
수도권,초월,{초월},37.374419,127.299,{경강선},
수도권,초지,"{초지,신안산대학교}",37.320646,126.805913,"{4호선,서해선,수인분당선}",
수도권,춘의,{춘의},37.503663,126.787036,{7호선},
수도권,춘천,"{춘천,한림대}",37.885054,127.717023,{경춘선},
수도권,탄현,{탄현},37.694023,126.761086,{경의중앙선},
수도권,탑석,{탑석},37.733579,127.088704,{의정부경전철},
수도권,탕정,{탕정},37.55586922999129,126.98640780299816,{1호선},
수도권,태평,{태평},37.440019,127.127709,{수인분당선},
수도권,파주,"{파주,두원대학}",37.815298,126.792783,{경의중앙선},
수도권,판교,"{판교,판교테크노밸리}",37.394761,127.111217,"{경강선,신분당선}",
수도권,팔당,{팔당},37.547371,127.243939,{경의중앙선},
수도권,평촌,"{평촌,한림대성심병원}",37.394287,126.963883,{4호선},
수도권,평택,{평택},36.990726,127.085159,{1호선},
수도권,풍무,"{풍무,연세하나병원}",37.61251431781037,126.73259107035753,{김포골드라인},
수도권,풍산,{풍산},37.672346,126.786243,"{경의중앙선,서해선}",
수도권,하계,"{하계,을지대을지병원}",37.636352,127.06799,{7호선},
수도권,학동,"{학동,나누리병원}",37.514229,127.031656,{7호선},
수도권,한남,{한남},37.52943,127.009169,{경의중앙선},
수도권,한티,{한티},37.496237,127.052873,{수인분당선},
수도권,합정,"{합정,세아타워}",37.549463,126.913739,"{2호선,6호선}",
수도권,행당,{행당},37.557322,127.029476,{5호선},
수도권,행신,{행신},37.612102,126.834146,{경의중앙선},
수도권,혜화,{혜화},37.582336,127.001844,{4호선},
수도권,홍제,{홍제},37.589066,126.943736,{3호선},
수도권,화계,{화계},37.634802,127.017519,{우이신설선},
수도권,화곡,{화곡},37.541513,126.840461,{5호선},
수도권,화서,"{화서,스타필드수원}",37.283862,126.989627,{1호선},
수도권,화정,{화정},37.634592,126.83265,{3호선},
수도권,회기,{회기},37.58946,127.057583,"{1호선,경의중앙선,경춘선}",
수도권,회룡,{회룡},37.724846,127.046895,"{1호선,의정부경전철}",
수도권,회현,"{회현,남대문시장}",37.558514,126.978246,{4호선},
수도권,효자,{효자},37.754025,127.076902,{의정부경전철},
수도권,흑석,"{흑석,중앙대입구}",37.50877,126.963708,{9호선},
수도권,흥선,{흥선},37.743302,127.037023,{의정부경전철},
수도권,시청·용인대,{시청·용인대},37.239151,127.178406,"{2호선,용인에버라인}",
수도권,전대·에버랜드,{전대·에버랜드},37.285342,127.219561,{용인에버라인},
수도권,양평(경의중앙선),{양평(경의중앙선)},37.492832,127.491814,{경의중앙선},경기도 양평군
수도권,가오리,{가오리},37.641701,127.016792,{우이신설선},
수도권,가재울,{가재울},37.484192,126.683673,{인천 2호선},
수도권,가천대,{가천대},37.448605,127.126697,{수인분당선},
수도권,강남대,{강남대},37.270161,127.126033,{용인에버라인},
수도권,개포동,{개포동},37.489116,127.06614,{수인분당선},
수도권,개화산,{개화산},37.572399,126.806171,{5호선},
수도권,검바위,{검바위},37.561405,126.677566,{인천 2호선},
수도권,경복궁,"{경복궁,정부서울청사}",37.575762,126.97353,{3호선},
수도권,고려대,"{고려대,종암}",37.590508,127.036296,{6호선},
수도권,곤지암,{곤지암},37.351315,127.34674,{경강선},
수도권,관악산,{관악산},37.46910409876057,126.94516563906217,{신림선},
수도권,광나루,"{광나루,장신대}",37.545303,127.10357,{5호선},
수도권,광운대,{광운대},37.623632,127.061835,"{1호선,경춘선-망우선}",
수도권,광화문,"{광화문,세종문화회관}",37.571026,126.976669,{5호선},
수도권,광흥창,"{광흥창,서강}",37.547456,126.931993,{6호선},
수도권,구반포,{구반포},37.501364,126.987332,{9호선},
수도권,구파발,"{구파발,은평성모병원}",37.636763,126.918821,{3호선},
수도권,굴봉산,"{굴봉산,제이드가든}",37.832067,127.557695,{경춘선},
수도권,굴포천,{굴포천},37.506997,126.73128,{7호선},
수도권,김량장,{김량장},37.237247,127.198781,{용인에버라인},
수도권,김유정,{김유정},37.818466,127.71434,{경춘선},
수도권,까치산,{까치산},37.531768,126.846683,"{2호선-신정지선,5호선}",
수도권,까치울,{까치울},37.506207,126.810939,{7호선},
수도권,낙성대,{낙성대},37.47693,126.963693,{2호선},
수도권,남구로,{남구로},37.486056,126.887249,{7호선},
수도권,남위례,{남위례},37.53979695277891,127.2232215814923,{8호선},
수도권,남춘천,"{남춘천,강원대}",37.864007,127.723792,{경춘선},
수도권,남태령,{남태령},37.463873,126.989134,{4호선},
수도권,노량진,{노량진},37.514219,126.942454,"{1호선,9호선}",
수도권,녹사평,"{녹사평,용산구청}",37.534675,126.986695,{6호선},
수도권,답십리,{답십리},37.566747,127.052704,{5호선},
수도권,대공원,{대공원},37.435675,127.006523,{4호선},
수도권,대성리,{대성리},37.684071,127.379319,{경춘선},
수도권,대야미,{대야미},37.328467,126.917332,{4호선},
수도권,도라산,{도라산},37.89868817080604,126.7099709227224,{경의중앙선},
수도권,도림천,{도림천},37.514287,126.882768,{2호선-신정지선},
수도권,도봉산,{도봉산},37.689313,127.046222,"{1호선,7호선}",
수도권,독립문,"{독립문,감리교신학대학교}",37.574571,126.957748,{3호선},
수도권,독바위,{독바위},37.618456,126.933031,{6호선},
수도권,돌곶이,{돌곶이},37.610537,127.056431,{6호선},
수도권,동구릉,{동구릉},37.61108323303941,127.13804683861122,{8호선-별내선},
수도권,동대문,{동대문},37.57142,127.009745,"{1호선,4호선}",
수도권,동두천,{동두천},37.927878,127.05479,{1호선},
수도권,동묘앞,{동묘앞},37.572627,127.016429,"{1호선,6호선}",
수도권,동인천,{동인천},37.475276,126.632802,{1호선},
수도권,둔촌동,{둔촌동},37.527788,127.136248,{5호선-마천지선},
수도권,망월사,"{망월사,신한대제1캠퍼스}",37.709914,127.047455,{1호선},
수도권,명지대,{명지대},37.237964,127.190294,{용인에버라인},
수도권,무악재,{무악재},37.582299,126.950291,{3호선},
수도권,백양리,"{백양리,엘리시안강촌}",37.830779,127.58933,{경춘선},
수도권,보라매,"{보라매,현대에이치티}",37.499872,126.920428,"{7호선,신림선}",
수도권,봉은사,{봉은사},37.514219,127.060245,{9호선},
수도권,봉화산,"{봉화산,서울의료원}",37.617283,127.091401,{6호선},
수도권,불암산,"{불암산,당고개}",37.55586922999129,126.98640780299816,{4호선},
수도권,사가정,"{사가정,녹색병원}",37.580894,127.088478,{7호선},
수도권,삼각지,"{삼각지,전쟁기념관}",37.534777,126.97311,"{4호선,6호선}",
수도권,상록수,"{상록수,안산대학교}",37.302795,126.866489,{4호선},
수도권,상월곡,"{상월곡,한국과학기술연구원}",37.606377,127.048491,{6호선},
수도권,상일동,{상일동},37.556712,127.166417,{5호선},
수도권,서강대,{서강대},37.551881,126.935711,{경의중앙선},
수도권,서구청,"{서구청,가톨릭관동대학교국제성모병원}",37.543742,126.676787,{인천 2호선},
수도권,서대문,"{서대문,강북삼성병원}",37.565773,126.966641,{5호선},
수도권,서동탄,{서동탄},37.195504,127.051672,{1호선},
수도권,서빙고,{서빙고},37.519594,126.988537,{경의중앙선},
수도권,서울숲,"{서울숲,에스엠타운}",37.543617,127.044707,{수인분당선},
수도권,서정리,"{서정리,국제대}",37.056496,127.052819,{1호선},
수도권,선바위,{선바위},37.451673,127.002303,{4호선},
수도권,선유도,{선유도},37.53802,126.893525,{9호선},
수도권,선정릉,{선정릉},37.51098,127.043593,"{9호선,수인분당선}",
수도권,소새울,"{소새울,부천대소사캠퍼스}",37.52414678806275,126.80486895744343,{서해선},
수도권,소요산,{소요산},37.9481,127.061034,{1호선},
수도권,수락산,{수락산},37.67785,127.055315,{7호선},
수도권,수리산,{수리산},37.349801,126.925365,{4호선},
수도권,신금호,{신금호},37.554548,127.020331,{5호선},
수도권,신논현,{신논현},37.504598,127.02506,"{9호선,신분당선}",
수도권,신대방,{신대방},37.487462,126.913149,{2호선},
수도권,신도림,{신도림},37.508725,126.891295,"{2호선,2호선-신정지선,1호선}",
수도권,신목동,{신목동},37.544277,126.88308,{9호선},
수도권,신반포,{신반포},37.503415,126.995925,{9호선},
수도권,신방화,{신방화},37.567532,126.816601,{9호선},
수도권,신설동,{신설동},37.575297,127.025087,"{2호선-성수지선,1호선,우이신설선}",
수도권,신연수,"{신연수,가천대학교메디컬캠퍼스}",37.41804,126.693863,{인천 1호선},
수도권,신용산,"{신용산,아모레퍼시픽}",37.52917,126.967894,{4호선},
수도권,신이문,{신이문},37.601854,127.067325,{1호선},
수도권,신중동,{신중동},37.503048,126.77596,{7호선},
수도권,아차산,"{아차산,어린이대공원후문}",37.551691,127.089761,{5호선},
수도권,압구정,"{압구정,현대백화점}",37.527072,127.028461,{3호선},
수도권,애오개,{애오개},37.553736,126.95682,{5호선},
수도권,여의도,"{여의도,신한투자증권}",37.521624,126.924191,"{5호선,9호선}",
수도권,연신내,{연신내},37.619001,126.921008,"{3호선,6호선,광역급행철도A}",
수도권,영등포,{영등포},37.515504,126.907628,{1호선},
수도권,오류동,{오류동},37.494526,126.845365,{1호선},
수도권,오목교,"{오목교,목동운동장앞}",37.524496,126.875181,{5호선},
수도권,오목천,"{오목천,수원여대}",37.249620384012246,126.9804976001698,{수인분당선},
수도권,오산대,{오산대},37.168953,127.063197,{1호선},
수도권,오이도,{오이도},37.362357,126.738714,"{4호선,수인분당선}",
수도권,왕십리,"{왕십리,성동구청}",37.561533,127.037732,"{2호선,5호선,경의중앙선,수인분당선}",
수도권,외대앞,{외대앞},37.596073,127.063549,{1호선},
수도권,용마산,"{용마산,용마폭포공원}",37.573647,127.086727,{7호선},
수도권,우장산,{우장산},37.548768,126.836318,{5호선},
수도권,운길산,{운길산},37.554669,127.310115,{경의중앙선},
수도권,원인재,{원인재},37.412603,126.687389,"{인천 1호선,수인분당선}",
수도권,원종역,{원종역},37.52414678806275,126.80486895744343,{서해선},
수도권,의정부,{의정부},37.738415,127.045958,{1호선},
수도권,이태원,{이태원},37.534488,126.994302,{6호선},
수도권,인덕원,{인덕원},37.401553,126.976715,{4호선},
수도권,인하대,{인하대},37.448493,126.649619,{수인분당선},
수도권,임진강,{임진강},37.88828670451426,126.74704885790044,{경의중앙선},
수도권,장한평,{장한평},37.56144,127.064623,{5호선},
수도권,정발산,"{정발산,고양아람누리}",37.659477,126.773359,{3호선},
수도권,제기동,"{제기동,한국건강관리협회}",37.578103,127.034893,{1호선},
수도권,제물포,"{제물포,인천대학교제물포캠퍼스}",37.466769,126.656666,{1호선},
수도권,천마산,{천마산},37.658978,127.285379,{경춘선},
수도권,청량리,"{청량리,서울시립대입구}",37.580178,127.046835,"{1호선,경의중앙선,경춘선,수인분당선}",
수도권,충무로,{충무로},37.561243,126.99428,"{3호선,4호선}",
수도권,충정로,"{충정로,경기대입구}",37.559973,126.963672,"{2호선,5호선}",
수도권,킨텍스,{킨텍스},37.66517543005259,126.74837745586038,{광역급행철도A},
수도권,퇴계원,{퇴계원},37.648311,127.143952,{경춘선},
수도권,학여울,{학여울},37.496663,127.070594,{3호선},
수도권,한강진,{한강진},37.539631,127.001725,{6호선},
수도권,한대앞,{한대앞},37.309689,126.85344,"{4호선,수인분당선}",
수도권,한양대,{한양대},37.555273,127.043655,{2호선},
수도권,호구포,{호구포},37.401637,126.708627,{수인분당선},
수도권,화랑대,"{화랑대,서울여대입구}",37.620064,127.084689,{6호선},
수도권,가락시장,{가락시장},37.492522,127.118234,"{3호선,8호선}",
수도권,강남구청,{강남구청},37.517186,127.04128,"{7호선,수인분당선}",
수도권,강동구청,{강동구청},37.530341,127.120508,{8호선},
수도권,건대입구,{건대입구},37.540693,127.07023,"{2호선,7호선}",
수도권,걸포북변,"{걸포북변,마디척병원}",37.62031867658836,126.7197861184693,{김포골드라인},
수도권,검단오류,"{검단오류,검단산업단지}",37.594877,126.627178,{인천 2호선},
수도권,경기광주,{경기광주},37.399907,126.630347,{경강선},
수도권,경마공원,{경마공원},37.443885,127.007888,{4호선},
수도권,경찰병원,{경찰병원},37.495918,127.12454,{3호선},
수도권,공항시장,{공항시장},37.563726,126.810678,{9호선},
수도권,광교중앙,"{광교중앙,아주대}",37.288617,127.051478,{신분당선},
수도권,굽은다리,"{굽은다리,강동구민회관앞}",37.545477,127.142853,{5호선},
수도권,금천구청,{금천구청},37.455626,126.89398,{1호선},
수도권,김포공항,{김포공항},37.562434,126.801058,"{5호선,9호선,공항철도,서해선,김포골드라인}",
수도권,남동구청,"{남동구청,인천도시공사}",37.448161,126.736939,{인천 2호선},
수도권,동대입구,{동대입구},37.559052,127.005602,{3호선},
수도권,둔촌오륜,{둔촌오륜},37.51946485605612,127.1386046648233,{9호선},
수도권,마곡나루,"{마곡나루,서울식물원}",37.567336,126.829497,"{9호선,공항철도}",
수도권,마포구청,{마포구청},37.563515,126.903343,{6호선},
수도권,매탄권선,{매탄권선},37.252759,127.040566,{수인분당선},
수도권,몽촌토성,{몽촌토성},37.517409,127.112359,{8호선},
수도권,버티고개,{버티고개},37.548013,127.007055,{6호선},
수도권,부천시청,"{부천시청,부천아트센터}",37.504631,126.763538,{7호선},
수도권,부평구청,"{부평구청,세림병원}",37.508336,126.720548,"{7호선,인천 1호선}",
수도권,부평시장,"{부평시장,한길안과병원}",37.498383,126.722244,{인천 1호선},
수도권,삼성중앙,{삼성중앙},37.513011,127.053282,{9호선},
수도권,상왕십리,{상왕십리},37.564354,127.029354,{2호선},
수도권,석촌고분,{석촌고분},37.50244174146043,127.09650250447169,{9호선},
수도권,성균관대,{성균관대},37.300349,126.97075,{1호선},
수도권,소래포구,{소래포구},37.40095,126.733522,{수인분당선},
수도권,솔밭공원,{솔밭공원},37.656088,127.013252,{우이신설선},
수도권,송파나루,{송파나루},37.5110140388679,127.11263117153281,{9호선},
수도권,수원시청,{수원시청},37.261911,127.030736,{수인분당선},
수도권,수지구청,{수지구청},37.322702,127.095026,{신분당선},
수도권,숙대입구,"{숙대입구,서울시교육청}",37.54456,126.972106,{4호선},
수도권,시민공원,"{시민공원,문화창작지대,아인병원}",37.458335,126.681192,{인천 2호선},
수도권,시흥능곡,{시흥능곡},37.369944713518684,126.80870949117889,{서해선},
수도권,시흥대야,{시흥대야},37.44999172798321,126.79298053251371,{서해선},
수도권,시흥시청,{시흥시청},37.38165378169966,126.80610537100462,{서해선},
수도권,신길온천,{신길온천},37.338212,126.765844,"{4호선,수인분당선}",
수도권,양천구청,{양천구청},37.512398,126.865819,{2호선-신정지선},
수도권,양천향교,{양천향교},37.568381,126.841333,{9호선},
수도권,여의나루,{여의나루},37.527098,126.932901,{5호선},
수도권,예술회관,"{예술회관,대찬병원}",37.449396,126.701012,{인천 1호선},
수도권,온양온천,"{온양온천,아산현충사}",36.780483,127.003249,{1호선},
수도권,운정중앙,{운정중앙},37.71609008194366,126.72833471068404,{광역급행철도A},
수도권,인천가좌,"{인천가좌,나은병원}",37.4897,126.675208,{인천 2호선},
수도권,인천논현,{인천논현},37.400614,126.722478,{수인분당선},
수도권,인천시청,"{인천시청,연세와병원}",37.457405,126.702221,"{1호선,2호선}",
수도권,잠실나루,{잠실나루},37.520733,127.10379,{2호선},
수도권,잠실새내,{잠실새내},37.511687,127.086162,{2호선},
수도권,장승배기,{장승배기},37.504898,126.93915,{7호선},
수도권,태릉입구,{태릉입구},37.617983,127.07512,"{6호선,7호선}",
수도권,평내호평,{평내호평},37.653225,127.244493,{경춘선},
수도권,평택지제,"{평택지제,한경국립대,지제}",37.55586922999129,126.98640780299816,{1호선},
수도권,하남시청,"{하남시청,덕풍신장}",37.55745570731871,127.17568364856686,{5호선},
수도권,하남풍산,{하남풍산},37.55745570731871,127.17568364856686,{5호선},
수도권,한성백제,{한성백제},37.5110140388679,127.11263117153281,{9호선},
수도권,홍대입구,{홍대입구},37.557192,126.925381,"{2호선,경의중앙선,공항철도}",
수도권,간석오거리,{간석오거리},37.467048,126.707938,{인천 1호선},
수도권,검단사거리,"{검단사거리,검단수한방병원}",37.60185,126.657108,{인천 2호선},
수도권,고속터미널,{고속터미널},37.50481,127.004943,"{3호선,7호선,9호선}",
수도권,광명사거리,{광명사거리},37.479252,126.854876,{7호선},
수도권,국회의사당,"{국회의사당,KDB산업은행}",37.528105,126.917874,{9호선},
수도권,남부터미널,"{남부터미널,예술의전당}",37.485013,127.016189,{3호선},
수도권,단대오거리,{단대오거리},37.44521,127.156866,{8호선},
수도권,대모산입구,{대모산입구},37.491373,127.07272,{수인분당선},
수도권,동두천중앙,{동두천중앙},37.901885,127.056482,{1호선},
수도권,모래내시장,"{모래내시장,서울바른척도병원}",37.45583,126.719298,{인천 2호선},
수도권,문학경기장,"{문학경기장,그랜드오스티엄웨딩컨벤션}",37.434935,126.698579,{인천 1호선},
수도권,미아사거리,{미아사거리},37.613292,127.030053,{4호선},
수도권,별내별가람,{별내별가람},37.62421431046202,127.14979533301609,{4호선},
수도권,보라매공원,{보라매공원},37.4953844185265,126.91816208534141,{신림선},
수도권,보라매병원,{보라매병원},37.50602385205799,126.9227055218995,{신림선},
수도권,부평삼거리,{부평삼거리},37.477679,126.710208,{인천 1호선},
수도권,북한산우이,"{북한산우이,도선사입구}",37.663146,127.012789,{우이신설선},
수도권,삼산체육관,"{삼산체육관,한국만화박물관·웹툰융합센터}",37.506411,126.742153,{7호선},
수도권,삼양사거리,{삼양사거리},37.621512,127.02048,{우이신설선},
수도권,서울대입구,{서울대입구},37.481247,126.952739,{2호선},
수도권,석바위시장,{석바위시장},37.457611,126.692575,{인천 2호선},
수도권,석천사거리,{석천사거리},37.456805,126.709986,{인천 2호선},
수도권,세종대왕릉,{세종대왕릉},37.295309,127.570938,{경강선},
수도권,센트럴파크,"{센트럴파크,재외동포청,포스코이앤씨}",37.393054,126.634729,{인천 1호선},
수도권,숭실대입구,"{숭실대입구,살피재}",37.496029,126.953822,{7호선},
수도권,신검단중앙,{신검단중앙},37.60267422198921,126.69840663858163,{인천 1호선},
수도권,신둔도예촌,{신둔도예촌},37.317185,127.40476,{경강선},
수도권,신정네거리,{신정네거리},37.520074,126.852912,{2호선-신정지선},
수도권,영등포구청,{영등포구청},37.52497,126.895951,"{2호선,5호선}",
수도권,영등포시장,{영등포시장},37.522669,126.905139,{5호선},
수도권,올림픽공원,"{올림픽공원,한국체대}",37.516078,127.130848,"{5호선-마천지선,9호선}",
수도권,을지로입구,{을지로입구},37.566014,126.982618,{2호선},
수도권,의정부시청,{의정부시청},37.739256,127.034781,{의정부경전철},
수도권,의정부중앙,{의정부중앙},37.743676,127.049565,{의정부경전철},
수도권,인천대공원,{인천대공원},37.448769,126.752618,{인천 2호선},
수도권,인천대입구,"{인천대입구,송도컨벤시아}",37.386007,126.639484,{인천 1호선},
수도권,인천터미널,"{인천터미널,푸른세상안과}",37.442383,126.699706,{인천 1호선},
수도권,종합운동장,{종합운동장},37.510997,127.073642,"{2호선,9호선}",
수도권,청계산입구,{청계산입구},37.447211,127.055664,{신분당선},
수도권,캠퍼스타운,"{캠퍼스타운,연세대학교}",37.387855,126.661673,{인천 1호선},
수도권,테크노파크,"{테크노파크,현대프리미엄아울렛송도점}",37.382268,126.656365,{인천 1호선},
수도권,하남검단산,{하남검단산},37.53979695277891,127.2232215814923,{5호선},
수도권,한국항공대,"{한국항공대,화전}",37.60289592260483,126.86823924014628,{경의중앙선},
수도권,한성대입구,"{한성대입구,삼선교}",37.588458,127.006221,{4호선},
수도권,효창공원앞,{효창공원앞},37.539261,126.961351,"{6호선,경의중앙선}",
수도권,가정중앙시장,"{가정중앙시장,인천참사랑병원}",37.517054,126.676672,{인천 2호선},
수도권,검단호수공원,{검단호수공원},37.60268329751105,126.68803340954442,{인천 1호선},
수도권,경인교대입구,"{경인교대입구,상록호텔조리직업전문학교}",37.538157,126.722597,{인천 1호선},
수도권,경전철의정부,{경전철의정부},37.737202,127.043257,{의정부경전철},
수도권,공항화물청사,{공항화물청사},37.458366,126.476241,{공항철도},
수도권,국제업무지구,"{국제업무지구,센트로드}",37.399907,126.630347,{인천 1호선},
수도권,남한산성입구,{남한산성입구},37.451535,127.159816,{8호선},
수도권,북한산보국문,"{북한산보국문,서경대}",37.612343,127.008009,{우이신설선},
수도권,서부여성회관,"{서부여성회관,그린산부외과}",37.506193,126.676203,{인천 2호선},
수도권,성신여대입구,"{성신여대입구,돈암}",37.592624,127.016403,"{4호선,우이신설선}",
수도권,신대방삼거리,{신대방삼거리},37.499701,126.928276,{7호선},
수도권,암사역사공원,{암사역사공원},37.5571774023299,127.13757102259831,{8호선-별내선},
수도권,압구정로데오,{압구정로데오},37.527381,127.040534,{수인분당선},
수도권,양재시민의숲,{양재시민의숲},37.470023,127.03842,{신분당선},
수도권,어린이대공원,"{어린이대공원,세종대}",37.548014,127.074658,{7호선},
수도권,용인중앙시장,"{용인중앙시장,용인예술과학대,운동장·송담대,송담대}",37.23790410694451,127.20904417267374,{용인에버라인},
수도권,월드컵경기장,"{월드컵경기장,성산}",37.569532,126.899298,{6호선},
수도권,인천국제공항,{인천국제공항},37.447464,126.452508,{공항철도},
수도권,장자호수공원,{장자호수공원},37.5571774023299,127.13757102259831,{8호선-별내선},
수도권,정부과천청사,{정부과천청사},37.426513,126.98978,{4호선},
수도권,주안국가산단,"{주안국가산단,인천J밸리}",37.473703,126.68113,{인천 2호선},
수도권,중앙보훈병원,{중앙보훈병원},37.51946485605612,127.1386046648233,{9호선},
수도권,지식정보단지,{지식정보단지},37.378384,126.645168,{인천 1호선},
수도권,청라국제도시,{청라국제도시},37.555878,126.625327,{공항철도},
수도권,가산디지털단지,"{가산디지털단지,마리오아울렛}",37.481072,126.882343,"{1호선,7호선}",
수도권,구로디지털단지,{구로디지털단지},37.485266,126.901401,{2호선},
수도권,남동인더스파크,{남동인더스파크},37.407722,126.695216,{수인분당선},
수도권,부천종합운동장,"{부천종합운동장,부천우리병원}",37.50538,126.797337,"{7호선,서해선}",
수도권,서울대벤처타운,{서울대벤처타운},37.50602385205799,126.9227055218995,{신림선},
수도권,서울지방병무청,{서울지방병무청},37.2908845976841,126.9227055218995,{신림선},
수도권,아시아드경기장,"{아시아드경기장,공촌사거리}",37.5517,126.677122,{인천 2호선},
수도권,경기도청북부청사,{경기도청북부청사},37.75059,127.071495,{의정부경전철},
수도권,디지털미디어시티,{디지털미디어시티},37.576646,126.900984,"{6호선,경의중앙선,공항철도}",
수도권,송도달빛축제공원,{송도달빛축제공원},37.406850970953045,126.62605891424738,{인천 1호선},
수도권,동대문역사문화공원,"{동대문역사문화공원,DDP}",37.565138,127.007896,"{2호선,4호선,5호선}",
수도권,을지로3가,"{을지로3가,신한카드}",37.566295,126.99191,"{2호선,3호선}",
수도권,종로3가,{종로3가},37.571607,126.991806,"{1호선,3호선,5호선}",
수도권,을지로4가,{을지로4가},37.566941,126.998079,"{2호선,5호선}",
수도권,"419민주묘지","{419민주묘지,덕성여대}",37.649593,127.013746,{우이신설선},
수도권,종로5가,{종로5가},37.570926,127.001849,{1호선},
